编号,评论时间,用户ID,昵称,评论楼层,评论内容,情感值,小时
1,2025-06-17 06:25:31+08:00,1764182395,Barrichello_Hu,6,无事献殷勤，必有怪,0.7796580111706971,6
2,2025-06-17 07:13:17+08:00,1933706692,宝贝儿菁,104,无孔不入，防不胜防！加强警惕！,0.8501598100548067,7
3,2025-06-17 06:45:01+08:00,3378332900,花花西瓜桃子草莓,52,杨教授太棒了,0.988198718501937,6
4,2025-06-17 07:59:44+08:00,1681357594,景姐爱韩庚,151,这位杨教授警惕性好高赞,0.9887133548402283,7
5,2025-06-17 06:43:12+08:00,2296922572,出岫凝云_z,47,维护国家安全，人人有责，警惕之心需常有加油,0.9821536234514908,6
6,2025-06-17 06:35:37+08:00,3276722231,陈-医-生,30,警惕,0.7000000000000001,6
7,2025-06-17 06:53:42+08:00,7307470476,猫咪在偷哭_,72,提高警惕,0.6774921075767272,6
8,2025-06-17 06:26:48+08:00,1425285581,冥王星1974,10,我也试图在公司推行双网制度，但失败了，内网除了监控安防食堂小店，没人用,0.03505138348861636,6
9,2025-06-17 08:47:39+08:00,7323854637,吃青菜的虫虫笑笑,328,敌人亡我之心不死,0.896218280346576,8
10,2025-06-17 07:27:11+08:00,7398070328,清风雨痕_,114,提高警惕啊,0.6774921075767272,7
11,2025-06-17 06:30:53+08:00,7541946246,乐乐-live,20,提高警惕！,0.6774921075767272,6
12,2025-06-17 07:53:53+08:00,7731508430,零零要早点睡哟,143,天呐提高警惕作揖,0.34941369308546977,7
13,2025-06-17 07:01:40+08:00,5316770306,软软的轻风,88,杨教授做得好赞赞维护国家安全人人有责！,0.9996848707998435,7
14,2025-06-17 09:17:12+08:00,1662558237,云南发布,423,间谍冒充大学生窃密转发！警惕！间谍用套取我国敏感数据,0.9993353841956254,9
15,2025-06-17 07:07:39+08:00,6482135088,aWhale小鲸,98,邮箱服务提供商有责任过滤带病毒、带木马程序的问题邮件,0.6770882382670558,7
16,2025-06-17 08:03:48+08:00,6162926109,韧慊薏_7,158,提高警惕，保卫好祖国心,0.9243747699143176,8
17,2025-06-17 06:45:22+08:00,7373132374,告白灼日,54,警惕呀,0.7000000000000001,6
18,2025-06-17 08:03:50+08:00,6456038263,时光稀释xz,159,提高警惕,0.6774921075767272,8
19,2025-06-17 06:48:06+08:00,3197478282,天天开心壹贰壹叁,62,间谍汉奸抓住第一时间枪毙,0.040158787468409174,6
20,2025-06-17 08:29:27+08:00,2948964243,自由自在的伟,253,提高警惕,0.6774921075767272,8
21,2025-06-17 10:36:27+08:00,7884990719,安娜乖乖娜,600,真的是无孔不入呀大家一定要警惕警惕！,0.8619401021391767,10
22,2025-06-17 10:35:19+08:00,7612355097,一地飘零97908,596,这真是无孔不入啊,0.5,10
23,2025-06-17 10:08:49+08:00,7654233346,Destiny_11un,556,要时刻保持提高警惕！,0.7505501049425923,10
24,2025-06-17 09:47:35+08:00,1902298885,北京高生,501,提高警惕,0.6774921075767272,9
25,2025-06-17 09:39:25+08:00,7685246121,嫿禕_,475,提高警惕，维护国家安全，人人有责！,0.7249436277753416,9
26,2025-06-17 09:12:26+08:00,7486791370,孤城岸边51959,411,警惕,0.7000000000000001,9
27,2025-06-17 08:54:37+08:00,6084285492,傅家苡橙,345,真是防不胜防，提高警惕！,0.8501598100548067,8
28,2025-06-17 07:24:59+08:00,7879486433,梦海寻影,111,时刻提高警惕,0.7505501049425923,7
29,2025-06-17 07:23:59+08:00,5883405944,浮云孤舟意阑珊,110,无孔不入的窃密者！！,0.39329414992709544,7
30,2025-06-17 07:18:50+08:00,5739160549,孤身骑车人046400,107,看看伊朗的惨败，我国必须消灭所有汉奸才行啊！攘外必先安内！,0.7261005061507049,7
31,2025-06-17 06:45:09+08:00,7373132374,告白灼日,53,严格审核,0.0625,6
32,2025-06-17 06:30:09+08:00,5634013749,zfw平安浦城,18,转发！警惕！间谍用套取我国敏感数据,0.9921941251268696,6
33,2025-06-17 06:29:54+08:00,6052397037,天马行空khgjh,17,警惕,0.7000000000000001,6
34,2025-06-17 06:24:54+08:00,2756810301,Lucas-果果,3,提高警惕！,0.6774921075767272,6
35,2025-06-17 07:01:22+08:00,2743832653,月亮没有错2023,86,无孔不入，防不胜防，加强警惕！！！,0.5705108330059742,7
36,2025-06-17 06:41:45+08:00,1577668562,乄醉青丝,43,窃密形式层出不穷允悲,0.9996536667388968,6
37,2025-06-17 08:42:47+08:00,7096011968,_imllll,309,这个杨教授太聪明了赞,0.9777203191396913,8
38,2025-06-17 08:59:17+08:00,5715280715,持续花式摸鱼,361,杨教授牛逼！,0.9541361490826719,8
39,2025-06-17 08:10:11+08:00,1803747925,Miss落落小飞侠,178,知网。。。太危险了,0.3649911903339911,8
40,2025-06-17 08:08:04+08:00,7617035923,成熟斑马爱运动,168,提高警惕,0.6774921075767272,8
41,2025-06-17 06:39:35+08:00,5538911766,一道佛光照我家,39,铜墙铁壁固若金汤，狠狠打击各类犯罪分子,0.985657227546227,6
42,2025-06-17 06:37:01+08:00,6449799727,风笛铃响,32,好可怕,0.5391426119377016,6
43,2025-06-17 06:36:55+08:00,2714384133,Italy帅帅,31,小心驶得万年船,0.7766092379729546,6
44,2025-06-17 06:28:11+08:00,6097196432,御姐Alice988,13,提高警惕！打击间谍！护我中华！,0.9337247031129462,6
46,2025-06-17 08:12:47+08:00,1822782443,野地里的驴子shm,186,战场无处不在！,0.9454469159184703,8
47,2025-06-17 16:57:42+08:00,7791261277,橘子水加块冰,686,间谍冒充大学生窃密提高警惕,0.9613155403268608,16
48,2025-06-17 12:05:10+08:00,6602135542,灯池叙酒欢,653,警惕,0.7000000000000001,12
49,2025-06-17 11:26:12+08:00,5791983054,Uhey_eeeeeee17,638,警惕！,0.7000000000000001,11
50,2025-06-17 11:16:47+08:00,1886253412,骑个龙撞南墙,630,害虫无孔不入,0.4737672181921917,11
51,2025-06-17 11:15:23+08:00,5648488259,时间流浪者-2025,628,大学生实惨苦涩苦涩苦涩,0.9985381881809047,11
52,2025-06-17 11:11:37+08:00,7457681393,人间dlrb美善,624,提高警惕,0.6774921075767272,11
53,2025-06-17 11:03:34+08:00,6582307098,千里眼视频,620,不去乱点各种来历不明的链接，要高度警惕自觉。,0.2822828631542895,11
54,2025-06-17 10:31:30+08:00,7514794509,Clytie-Narcissus,592,中国有那么多的日本学校尤其是上海居多是不是渗透在了中国的任何地方,0.9918036114782902,10
55,2025-06-17 10:29:47+08:00,1066197297,心理学刘爱民,590,间谍用套取我国敏感数据保持警惕！,0.9929668996584372,10
56,2025-06-17 10:28:51+08:00,5832581515,青青在微博,589,千万不能随意打开，很多网络病毒也都是这样传来。,0.038329806104689834,10
57,2025-06-17 10:24:46+08:00,7838861673,野生小顽童,584,间谍冒充大学生窃密间谍用套取我国敏感数据,0.9987437835114469,10
58,2025-06-17 10:24:23+08:00,7625854015,萌菜芽芽_Kun,582,提高警惕,0.6774921075767272,10
59,2025-06-17 10:23:53+08:00,1868172077,小狼狗的滚滚,581,看伊朗如今的下场就知道情报战是多重要，吾辈警惕,0.9416499376260454,10
60,2025-06-17 10:06:02+08:00,6106730868,财乖乖,550,幸好老教授反应迅速！！,0.4466301763259959,10
61,2025-06-17 10:04:47+08:00,6899585690,张庭TST庭秘密活酵母-敏儿,546,防人之心不可无，无事献殷勤非奸即盗,0.9536290987667367,10
62,2025-06-17 09:58:23+08:00,5599310151,佳多淇,536,层出不穷的骗术，防不胜防啊,0.9240011473500075,9
63,2025-06-17 09:56:26+08:00,7875828364,星星落在口袋哩,530,警惕,0.7000000000000001,9
64,2025-06-17 09:53:07+08:00,1980486671,在猎户座臂弯里,518,马克并转发一下,0.8780844279994069,9
65,2025-06-17 09:47:28+08:00,6601734597,茵四街角,499,警惕,0.7000000000000001,9
66,2025-06-17 09:46:27+08:00,7908368486,Q兔子不理熊Q,498,向善是一种文明，也是一种光明。善良之举，需要人人拥有；善良之歌，需要人人唱和。让我们一起轻掬季风，淡挽流云，抚一弦清音，让幸福在平凡、平淡中盛开如兰，让善良之歌在红尘的原野里辗转悠长。让我们一起心存善良和大爱，微笑着，走过季节的轮回。,0.9999999999999984,9
67,2025-06-17 09:44:52+08:00,1919769503,江油公安,494,转发！警惕！间谍用套取我国敏感数据,0.9921941251268696,9
68,2025-06-17 09:41:42+08:00,7777218274,电影会员之,486,间谍冒充大学生窃密提防警惕！转发,0.9572148657505437,9
69,2025-06-17 09:39:39+08:00,1803334901,逐新_光的胖哒儿,476,间谍用套取我国敏感数据太可怕了间谍冒充大学生窃密间谍无处不在。我们要保持警惕,0.9996357838591412,9
70,2025-06-17 09:20:33+08:00,2972605707,红象鼻,435,可恶！严惩不贷！咖啡咖啡咖啡间谍用套取我国敏感数据间谍冒充大学生窃密,0.9828975310954425,9
71,2025-06-17 09:12:40+08:00,1316654051,葱宝不唱歌,412,间谍手段日益更新，我们要加强警惕啊,0.5514175336281335,9
72,2025-06-17 09:12:21+08:00,1407571191,杨扉-从前有辆车,410,虽然我等草民对狗特务没有什么利用价值，但是我们可以擦亮眼睛，提高警惕，注意身边的这等反常事情。,0.8892259105039315,9
73,2025-06-17 09:09:29+08:00,6007330541,六月非晚zz,396,教授警惕性好高，给杨教授点赞！,0.9930988097263328,9
74,2025-06-17 09:07:26+08:00,7949422977,飞线定中宫,389,间谍用套取我国敏感数据没想到用也能套取我国敏感数据，间谍的各种手段防不胜防，要提高警惕。,0.9998997166121716,9
75,2025-06-17 09:05:37+08:00,5861700007,水之月_,384,提高警惕！,0.6774921075767272,9
76,2025-06-17 09:03:56+08:00,2316015512,安之若素-暉,378,对间谍来一个杀一个怒怒怒,0.06748414008012704,9
77,2025-06-17 09:03:25+08:00,1463720780,小圆脸说你脸太方不好看,374,太可恶了，电脑不保险,0.012975887707417422,9
78,2025-06-17 08:59:51+08:00,2304298644,猫屋奈奈,366,小心外国间谍的窃取和渗透，看看现在国际各地的战争，吸取经验教训。,0.7670183107265752,8
79,2025-06-17 08:58:39+08:00,7736530432,小丑滚泥巴,358,不愧是知名教授，有敏感度，要是换了别人恐怕早就打开了,0.9090441502628909,8
80,2025-06-17 08:58:37+08:00,1508736507,琴音姑娘,357,敌特无处不在,0.9188732007620487,8
81,2025-06-17 08:56:25+08:00,7953001744,雪凝fallen,352,大家工作时注意保护隐私啊允悲,0.9663431526960256,8
82,2025-06-17 08:55:30+08:00,1356816851,大铁狮,350,间谍用套取我国敏感数据,0.9853390660632646,8
83,2025-06-17 08:53:39+08:00,1733559322,财熊猫HW,342,间谍冒充大学生窃密间谍用套取我国敏感数据千粉杰青财宝宝,0.9998692687649371,8
84,2025-06-17 08:53:35+08:00,6450767331,用户6450767331,341,间谍冒充大学生窃密间谍用套取我国敏感数据转发！警惕！加油加油加油央视新闻,0.9999997956176085,8
85,2025-06-17 08:52:57+08:00,6865526227,李爷无为,339,境外势力防不胜防啊！,0.44767845850986676,8
86,2025-06-17 08:51:44+08:00,3463102930,未完待续ya_,338,提高警惕,0.6774921075767272,8
87,2025-06-17 08:49:05+08:00,1346500060,ai米淇-小窝mi,330,间谍无孔不入啊,0.4737672181921917,8
88,2025-06-17 08:40:37+08:00,6447866584,AAA汽修贴膜内饰批发,299,警惕,0.7000000000000001,8
89,2025-06-17 08:38:24+08:00,3828405293,小茶壶小狐狸,293,间谍冒充大学生窃密间谍用套取我国敏感数据爱我中华！,0.9997912621246839,8
90,2025-06-17 08:35:31+08:00,5201000633,平安泸县,287,转发！警惕！间谍用套取我国敏感数据,0.9921941251268696,8
91,2025-06-17 08:35:17+08:00,7858958109,炜听星-想见面D,285,必须提高警惕！！！！,0.36034949923953496,8
92,2025-06-17 08:33:03+08:00,1897067770,周哦吼,274,提高警惕,0.6774921075767272,8
93,2025-06-17 08:32:41+08:00,1852500253,绯村落,272,说到我第一时间想到的是木马,0.6728322033837204,8
94,2025-06-17 08:31:27+08:00,6603803502,小猫咪有点皮,266,间谍用套取我国敏感数据这间谍的套路越来越多了。外网电脑和内网电脑还是要分开用的，严格遵守保密制度，既是配合工作，也是保护自己。,0.8908875365525528,8
95,2025-06-17 08:30:34+08:00,1864898592,Cantusuly,260,警惕,0.7000000000000001,8
96,2025-06-17 08:29:57+08:00,7505051745,wayward_123,254,提高保密意识,0.08920358046342036,8
97,2025-06-17 08:26:15+08:00,5874288626,晓-晓不小8,238,提高警惕，维护祖国数据安全鲜花,0.9639503838268227,8
98,2025-06-17 08:25:57+08:00,5688622298,过期小米饼,237,好牛啊,0.740911091813916,8
99,2025-06-17 08:25:47+08:00,1579272310,衍帝,236,看到这个报道，我想到的是杨振宁教授,0.9694708882371471,8
100,2025-06-17 08:23:11+08:00,2934531194,紫玉蓝王,226,杨教授赞赞警惕警惕警惕拳头拳头,0.99987198250623,8
101,2025-06-17 08:20:49+08:00,7567163300,崔光锋微博,216,早安,0.7665794056347368,8
102,2025-06-17 08:18:52+08:00,1898116811,笑笑哈哈漫漫悠长,210,帝国主义忘我之心不死思考,0.9489502585986105,8
103,2025-06-17 08:16:35+08:00,1896820725,天津股侠,199,间谍冒充大学生窃密提防警惕！转发,0.9572148657505437,8
104,2025-06-17 08:14:10+08:00,6191847840,Aling_DW,194,间谍冒充大学生窃密转发！警惕！间谍用套取我国敏感数据“尊敬的杨教授，您好！我是小王，是一名在读硕士研究生，很想申请报考成为您的学生，在您指导下进行学术研究，可以通过邮件与您沟通下吗”某日，杨教授在工作邮箱中看到一封标题为“研究申请”的邮件，作为国内某知名大学前沿科技全文,0.9999999993718665,8
105,2025-06-17 08:13:43+08:00,2370338902,财书店,191,间谍冒充大学生窃密间谍用套取我国敏感数据原来以为只发生在影视视中，没想现实里，间谍无处不在，无孔不入啊。,0.9989433370903149,8
106,2025-06-17 08:10:38+08:00,7923229672,翊口年糕粥,181,警惕,0.7000000000000001,8
107,2025-06-17 08:10:14+08:00,7304378930,帘卷燕飞CY,179,提高警惕,0.6774921075767272,8
108,2025-06-17 08:04:08+08:00,6609064029,4029舒心,161,提高警惕,0.6774921075767272,8
109,2025-06-17 08:03:31+08:00,5697973868,等待老板翻牌的jian,157,提高警惕,0.6774921075767272,8
110,2025-06-17 07:56:01+08:00,7489669654,爱1山的213,146,加强,0.5262327818078083,7
111,2025-06-17 07:54:19+08:00,1369857541,嘉嘉的私人小花园,144,防不胜防啊,0.7499999999999999,7
112,2025-06-17 07:52:06+08:00,2844644700,若是微微笑,141,警惕,0.7000000000000001,7
113,2025-06-17 07:51:44+08:00,5173437076,PALESTINE胡许艺佳WORLD,140,警察？,0.34782608695652206,7
114,2025-06-17 07:50:43+08:00,6274987711,感恩遇见你天使godfrey,137,提高警惕！,0.6774921075767272,7
115,2025-06-17 07:47:27+08:00,5138304917,心上的美味嘉肴,130,杨教授的警惕性很高,0.9674648063661376,7
116,2025-06-17 07:46:02+08:00,7726191801,紫忆Allen,129,提高警惕,0.6774921075767272,7
117,2025-06-17 07:31:23+08:00,5900664797,与沉拾忆,122,我的天！警惕,0.5641165713045098,7
118,2025-06-17 07:27:10+08:00,7626469467,keumzena,113,提高警惕！,0.6774921075767272,7
119,2025-06-17 07:26:28+08:00,7326250415,二楼等lookJeff,112,警惕,0.7000000000000001,7
120,2025-06-17 07:13:06+08:00,7555673448,用户鸟伴青鸾飞,103,提高警惕！维护国家安全，人人有责！,0.7249436277753416,7
121,2025-06-17 07:10:35+08:00,6582970448,沙了泥萌呀,101,提高警惕,0.6774921075767272,7
122,2025-06-17 07:08:56+08:00,1681730842,白眉大侠5995,99,维护国家安全，人人有责，警惕之心需常有加油加油加油加油,0.9999709580430949,7
123,2025-06-17 07:06:40+08:00,1691680504,一路八一路发,96,警惕！,0.7000000000000001,7
124,2025-06-17 07:02:58+08:00,7756593623,一天萌晕八百回,92,警惕警惕！,0.8305553368501174,7
125,2025-06-17 07:02:38+08:00,1429979720,风之婈,91,警惕,0.7000000000000001,7
126,2025-06-17 07:01:57+08:00,5713616646,LUOXIANGDE168168,89,警惕,0.7000000000000001,7
127,2025-06-17 07:00:04+08:00,5173437076,PALESTINE胡许艺佳WORLD,85,谨防各种特工间谍,0.44767845850986676,7
128,2025-06-17 06:55:52+08:00,7758255215,青涩漫雾,77,提高警惕,0.6774921075767272,6
129,2025-06-17 06:55:47+08:00,3233825624,爱吃香蕉的狮砸,76,警惕！,0.7000000000000001,6
130,2025-06-17 06:54:21+08:00,7808582598,ID浪漫玫瑰禁区,73,要注意提高警惕,0.6774921075767272,6
131,2025-06-17 06:51:01+08:00,5356911238,飒露紫233,67,我刚刚想的就是：问题应该就是在你要打开邮件那里，果然,0.12866245569990742,6
132,2025-06-17 06:50:35+08:00,6639732296,夏遇梦境,66,警惕,0.7000000000000001,6
133,2025-06-17 06:45:59+08:00,7392924796,凑合相遇,57,警惕,0.7000000000000001,6
134,2025-06-17 06:43:16+08:00,1735694275,小花小草资讯博,48,警惕,0.7000000000000001,6
135,2025-06-17 06:42:54+08:00,5392464362,o柳妄o,46,提高警惕,0.6774921075767272,6
136,2025-06-17 06:42:35+08:00,2098833222,山角之恋,45,提高警惕,0.6774921075767272,6
137,2025-06-17 06:41:09+08:00,7741737061,颜汐不想学化学,42,警惕,0.7000000000000001,6
138,2025-06-17 06:38:30+08:00,5620282617,嘉轩Xy,35,警惕,0.7000000000000001,6
139,2025-06-17 06:31:33+08:00,6473575887,晕耶小猫,24,提高警惕,0.6774921075767272,6
140,2025-06-17 06:31:28+08:00,6527442671,茶物语Su_,23,提高警惕,0.6774921075767272,6
141,2025-06-17 06:28:26+08:00,1642896764,雨痕划过脸颊_,15,提高警惕,0.6774921075767272,6
142,2025-06-17 06:25:13+08:00,7726719136,爱霖人-,5,污,0.1875,6
143,2025-06-17 06:25:10+08:00,5951888263,逃离陌上的软耳甜兔,4,警惕！间谍用套取我国敏感数据。国家安全人人有责拳头,0.9929927197609302,6
144,2025-06-17 08:01:00+08:00,7560202291,嫑葱嫑香菜,153,提高警惕！,0.6774921075767272,8
145,2025-06-17 17:07:47+08:00,7921507885,ai发光,688,常怀警惕之心,0.9574201910351492,17
146,2025-06-17 15:47:43+08:00,5264685170,一心一毅耶,684,提高警惕,0.6774921075767272,15
147,2025-06-17 15:07:19+08:00,5203691145,GRiGDhft36D82,683,。,0.5262327818078083,15
148,2025-06-17 14:40:11+08:00,6178228074,用户6178228074,682,抱抱抱抱,0.890142453148024,14
149,2025-06-17 14:38:06+08:00,5846372880,alanxiao,681,要两部电脑，一部工作电脑不可连网，另外一部电脑收收邮件。,0.12986878577982286,14
150,2025-06-17 14:05:11+08:00,3784399354,三月的美食美味,678,允悲,0.9729817270377529,14
151,2025-06-17 13:51:10+08:00,7739764890,用户7739764890,676,网络间谍，需格外小心！,0.16323710819231474,13
152,2025-06-17 13:41:59+08:00,5607196466,子沐瑾,673,警惕,0.7000000000000001,13
153,2025-06-17 13:40:51+08:00,3909980747,圈圈儿到底,672,得给这位杨教授加鸡腿,0.9650561111906005,13
154,2025-06-17 13:27:57+08:00,2610588647,夏天的云W,670,这两年间谍好多啊，中国的强大让国外有了觊觎之心。,0.9287136238042139,13
155,2025-06-17 13:09:07+08:00,7419792578,莫真星1949,668,幸亏有防备啊,0.5659500546462404,13
156,2025-06-17 12:31:55+08:00,7583391398,都好看都喜欢la,663,间谍冒充大学生窃密间谍用套取我国敏感数据,0.9987437835114469,12
157,2025-06-17 12:31:06+08:00,3864635001,霏霏妈咪1,661,一定要严防！,0.5,12
158,2025-06-17 12:20:37+08:00,7876402579,四度痴岁-大同何,659,间谍冒充大学生窃密间谍用套取我国敏感数据,0.9987437835114469,12
159,2025-06-17 12:20:06+08:00,5955629037,花清清晨,658,注意外来人员，不贪就事半功倍。,0.9175320812926359,12
160,2025-06-17 12:12:03+08:00,1806687725,陈静cici,656,维护国家安全,0.7557866497272384,12
161,2025-06-17 12:03:17+08:00,2086969647,欧洲大神助我脱非,652,好家伙哆啦梦害怕哆啦梦害怕哆啦梦害怕,0.7184204801030107,12
162,2025-06-17 12:01:04+08:00,1409798195,敢讲实话的老百姓,649,邮件来的基本都是外国人,0.24733969091392838,12
163,2025-06-17 11:59:38+08:00,2297540651,s小小酥ray,648,中国流行发邮件交流学术么？,0.6762785814360374,11
164,2025-06-17 11:43:05+08:00,7744993469,夕阳西下那是,645,发现的冰山一角思考美国将砸亿美元全球抹黑中国美国拨款亿美元雇水军黑中国美方长期对中国手机用户无差别监听,0.9763516983492521,11
165,2025-06-17 11:30:03+08:00,5879718046,半亩书塘,640,这种外校的还能提高警惕一点，如果是学校内的发给教授呢？笑,0.9691646961187006,11
166,2025-06-17 11:26:17+08:00,1497847337,时刻_一-,639,保护祖国机密，提高警惕，勿忘历史，谨防糖衣炮弹！,0.9706612967213796,11
167,2025-06-17 11:25:16+08:00,7805849754,倾心恋星星,637,提高警惕,0.6774921075767272,11
168,2025-06-17 11:23:57+08:00,7952237606,少林寺驻武当派办事处主任王神父,636,间谍真是无孔不入,0.4737672181921917,11
169,2025-06-17 11:22:15+08:00,7415006133,苡淇念栀,635,警惕,0.7000000000000001,11
170,2025-06-17 11:21:36+08:00,2264848982,何忠琴,634,间谍无孔不入,0.4737672181921917,11
171,2025-06-17 11:21:03+08:00,6616005125,羞答答的刺儿头,633,那防不胜防啊，发邮件都会带着附件简历啊,0.3141589277718305,11
172,2025-06-17 11:20:49+08:00,6198568501,用自己的jio走自己的路,632,教授好样的间谍行为不是只存在电视剧而是真真实实随时有可能发生在身边,0.9796824795145108,11
173,2025-06-17 11:18:26+08:00,7908199062,AKATSUKIKIRARA,631,间谍真是无孔不入啊黑线,0.44767845850986676,11
174,2025-06-17 11:12:45+08:00,7959823642,豌豆与胖奇,627,无事献殷勤，非奸即盗！,0.9259849740779894,11
175,2025-06-17 11:12:23+08:00,7146738670,不知不觉丶_,626,警惕,0.7000000000000001,11
176,2025-06-17 11:09:54+08:00,5327695027,买土豆也用券呀,623,你的不警惕，可能导致家破人亡,0.6179395721711685,11
177,2025-06-17 11:09:31+08:00,7351027412,叶赫那拉海东青,622,维护祖国国家安全，人人有责。,0.86250880135506,11
178,2025-06-17 11:05:23+08:00,6073275052,水恋生鱼片,621,杨教授威武打,0.9023723038876816,11
179,2025-06-17 10:59:04+08:00,1067863011,沧海一担米,617,防不胜防允悲,0.9898234104288669,10
180,2025-06-17 10:57:42+08:00,7483531733,辰星烟火,616,警惕,0.7000000000000001,10
181,2025-06-17 10:51:18+08:00,6983328633,梦幻小鹿在娱乐,613,为杨教授点赞赞赞赞,0.9999863773584936,10
182,2025-06-17 10:50:43+08:00,3177100924,小微子2013,612,一定要多注意防范,0.875,10
183,2025-06-17 10:50:35+08:00,7402300867,消失的一秒,611,涉密电脑不联网,0.09960017449812153,10
184,2025-06-17 10:50:12+08:00,5575012368,疯-2333,610,这间谍是不是脑子有问题二哈你做戏做全套啊，弄个学生的简历发过去呗,0.5385725833939476,10
185,2025-06-17 10:49:45+08:00,7953424498,鲜橙年年有余,609,提高警惕,0.6774921075767272,10
186,2025-06-17 10:44:23+08:00,1609317274,拓海君,603,为什么要找一个美颜过的男警察，来做这种严肃的宣导？,0.2632983126884142,10
187,2025-06-17 10:39:25+08:00,1857662862,陌上婲开为战顾,601,无事献殷勤非奸即盗怒,0.8633602881178221,10
188,2025-06-17 10:35:54+08:00,7087692762,平常心啊平常心啊平常心,598,汉奸,0.04347826086956519,10
189,2025-06-17 10:35:05+08:00,5727188719,株洲渌口公安,595,间谍冒充大学生窃密转发！警惕！间谍用套取我国敏感数据,0.9993353841956254,10
190,2025-06-17 10:33:15+08:00,6074147837,是非a分明,593,看来全民抓间谍是必须的。伊朗就是最好的列证！,0.6972712319163503,10
191,2025-06-17 10:25:39+08:00,1899323087,luonemo,585,牛逼,0.6923786120385603,10
192,2025-06-17 10:21:14+08:00,7911009602,a祁筱祎,579,比利亚雷亚尔足球俱乐部比利亚雷亚尔足球俱乐部：,0.21239363537786282,10
193,2025-06-17 10:19:28+08:00,6032241488,小小的紫旋,577,杨教授鼓掌鼓掌鼓掌,0.9961267317158967,10
194,2025-06-17 10:19:16+08:00,5876131361,陕西政法,575,提防警惕！转发,0.6541299100987479,10
195,2025-06-17 10:17:59+08:00,5155616203,喜乐r411,572,转发,0.5,10
196,2025-06-17 10:17:12+08:00,2665855281,一只戴眼镜的哈士奇,570,哈士奇只养戴眼镜的哈士奇只养戴眼镜的,0.004616819370616199,10
197,2025-06-17 10:15:25+08:00,7542913365,暴打见嗖小狗叠,568,啊？？？这种方式真是开眼了,0.09593955454849157,10
198,2025-06-17 10:15:11+08:00,5348152491,爱留住的味道,567,时刻保持警惕,0.769692533856882,10
199,2025-06-17 10:15:04+08:00,2415608027,北方法制报,566,间谍冒充大学生窃密转发！警惕！间谍用套取我国敏感数据,0.9993353841956254,10
200,2025-06-17 10:13:09+08:00,6851355947,Dance_With_Dead,565,这是在呼吁大家改用啊，毕竟国外软件防不胜防,0.2808745903628158,10
201,2025-06-17 10:12:37+08:00,2804750980,smin3,564,古人云：害人之心不可有，防人之心不可无！国家高级人才更应牢记。外国间媟无孔不入，为了国家的安全，国人都应牢牢守护。窃密，失密者，一经发現就要严惩加油加油加油,0.9999997870223346,10
202,2025-06-17 10:12:09+08:00,6290048926,小鹿YV99,562,提高警惕,0.6774921075767272,10
203,2025-06-17 10:08:37+08:00,5931235544,玫玫-5931235544,554,希望每个中国人都有安全意识的自觉！,0.8782011796327525,10
204,2025-06-17 10:07:43+08:00,7775789668,专业推师sub,553,间谍用套取我国敏感数据间谍冒充大学生窃密,0.9987437835114469,10
205,2025-06-17 10:05:39+08:00,2569900401,用户klp6l64y3a,548,免费，且是国产软件，大家以后别用微软软件了,0.7766652907674418,10
206,2025-06-17 10:03:38+08:00,7363601391,用户7363601391,545,加强警惕，刻不容缓！,0.6774921075767265,10
207,2025-06-17 10:02:59+08:00,1622389935,月光女孩011,544,防不胜防生病,0.7059514727817189,10
208,2025-06-17 10:01:25+08:00,7833118287,苏大强V强富美高,543,间谍冒充大学生窃密间谍用套取我国敏感数据,0.9987437835114469,10
209,2025-06-17 09:59:55+08:00,1774533134,薇不足道也,540,杨教授是这个嘻嘻,0.993676125864081,9
210,2025-06-17 09:59:09+08:00,5233734317,bbfbgm,538,杨教授好厉害,0.8990635238007105,9
211,2025-06-17 09:58:47+08:00,6035135520,尧水肃,537,干饭人,0.28480256655591185,9
212,2025-06-17 09:56:50+08:00,7685430883,元首西嗨,532,间谍都要叛死刑不然毫无震慑力,0.7918359878717914,9
213,2025-06-17 09:55:19+08:00,5673004241,脱口岳,528,间谍用套取我国敏感数据视频中警官的警号是亮点，反间防谍举报电话——。,0.9140461728449665,9
214,2025-06-17 09:54:51+08:00,1171480350,我把纠结吃掉了,525,真是花样百出、贼心不死,0.3153338136638979,9
215,2025-06-17 09:54:24+08:00,5993621167,无止境不放弃,523,赞,0.9178743961352657,9
216,2025-06-17 09:51:44+08:00,1987672675,神经刀飞天猫,513,那对微软的办公套件是不是应该做一个定向清理啊？,0.8991545919983357,9
217,2025-06-17 09:50:11+08:00,7561656802,图个好彩头,511,还能这样！！,0.35077037483443496,9
218,2025-06-17 09:49:43+08:00,2265853944,小七浅言,509,真是无孔不入。,0.5,9
219,2025-06-17 09:49:15+08:00,2216688050,离离原上草1106,508,鲜花,0.6666666666666671,9
220,2025-06-17 09:48:48+08:00,6473635835,再行跬步的拾柒,504,保研套磁人轻轻地碎了，为什么老师宁愿回间谍的邮件都不回我啊泪,0.40046199340514066,9
221,2025-06-17 09:48:48+08:00,3996736059,Link林可文,505,是要开发国产的了吗那我就开始地址国外的了,0.12746044426606074,9
222,2025-06-17 09:47:29+08:00,1870241364,Brilliant2021,500,太容易了喵喵,0.3760993195361976,9
223,2025-06-17 09:44:35+08:00,5749174368,花开于室,493,这位杨教授真的不愧是高级知识分子，警惕性很高,0.9988244470649488,9
224,2025-06-17 09:41:46+08:00,2711894874,夏目的师父,487,这才是视频的正确打开方式,0.5947238088084523,9
225,2025-06-17 09:41:15+08:00,2147435521,MizutaniMi,482,周围教授好厉害，警惕性好高，几重保险,0.3287790129225615,9
226,2025-06-17 09:41:09+08:00,6449751888,殖狗的主子在萝莉岛,481,以牙还牙,0.4737672181921908,9
227,2025-06-17 09:38:39+08:00,1418909123,杨洋1812,471,杨教授赞赞赞,0.9999044000844666,9
228,2025-06-17 09:38:23+08:00,7652733292,墨梅菸,470,教授厉害,0.5805154693033595,9
229,2025-06-17 09:37:51+08:00,5012258015,向往星空girl,467,国家安全高于一切时刻保持高度警惕,0.8471568668108351,9
230,2025-06-17 09:34:52+08:00,3861726042,玖辞_i,464,加强警惕,0.7000000000000001,9
231,2025-06-17 09:32:46+08:00,5748345779,小妖不怪吖,459,间谍能不能衮啊。从中国衮出去。烦死了。,0.28139742105081744,9
232,2025-06-17 09:31:41+08:00,7409934409,君看天下7799,457,事出反常必有妖！污污污,0.16562878137938664,9
233,2025-06-17 09:31:35+08:00,6720699357,被踢过的风,456,人人都要提高防间谍意识,0.3702228411877687,9
234,2025-06-17 09:25:08+08:00,6405213645,什么昵称都不可用也是醉了,442,真的得警惕裂开,0.43490039032731187,9
235,2025-06-17 09:21:16+08:00,3892474042,阎良法院,437,间谍冒充大学生窃密转发！警惕！间谍用套取我国敏感数据,0.9993353841956254,9
236,2025-06-17 09:21:01+08:00,1744275530,所以1987,436,为杨教授点赞,0.9863114737974712,9
237,2025-06-17 09:20:15+08:00,2640529700,许小新要淡定从容往前走,433,这事和有鸡毛关系,0.4966105030718809,9
238,2025-06-17 09:19:51+08:00,2723225155,尖尖角ABC,432,在国外的博主多查查,0.1823923274491862,9
239,2025-06-17 09:19:37+08:00,6391153308,北巷年年,430,杨教授好棒送花花送花花,0.9975517387777635,9
240,2025-06-17 09:18:38+08:00,5212502279,Alwaysbeenyou89,429,间谍冒充大学生窃密警惕间谍,0.9613155403268608,9
241,2025-06-17 09:18:11+08:00,7931601187,小狗要快乐_,428,提高警惕,0.6774921075767272,9
242,2025-06-17 09:18:02+08:00,6436076883,用户6436076883,427,公布是拿国间谍,0.21270991843231468,9
243,2025-06-17 09:17:12+08:00,6146356489,阿巴阿巴阿斯巴甜,424,？？？救命这是啥空子都钻啊还是用吧,0.19687530239123263,9
244,2025-06-17 09:13:41+08:00,1395953484,子君伢,417,怎么提高警惕呢？董明珠开企业会说不用海龟，怕他们有间谍，而用国内人才被偷拍发网络时，有多少人攻击她网暴她允悲，现在国家说间谍无处不在时，又说提高警惕，张张嘴就提高了,0.9989457808120235,9
245,2025-06-17 09:13:39+08:00,7888590580,老狼-580,416,为杨教授点赞赞,0.9986226249235189,9
246,2025-06-17 09:12:55+08:00,7927431874,小狗的爱是哈哈,414,提高警惕,0.6774921075767272,9
247,2025-06-17 09:12:09+08:00,1817618907,柚子太太的侄女路路,408,大家警惕,0.7000000000000001,9
248,2025-06-17 09:11:34+08:00,5127432455,远山浅1102,405,关键部门的人要小心,0.20687320908087203,9
249,2025-06-17 09:11:29+08:00,7389920881,尘缘不来,404,恐怖,0.293103448275862,9
250,2025-06-17 09:11:24+08:00,6550080359,id6550080359,403,如果用打开该文档还会中木马吗？思考,0.9870278942667203,9
251,2025-06-17 09:10:09+08:00,1923684093,晴天小玛卡,399,杨教授不错，很有防范意识，点赞,0.9996745704258303,9
252,2025-06-17 09:09:37+08:00,7443476490,-YIBO-SEAN,397,真是無孔不入,0.5042906456488253,9
253,2025-06-17 09:08:48+08:00,5651498471,怼小绿婊专业户,395,这是没泄密的，泄密的不知有多少,0.166552052911216,9
254,2025-06-17 09:08:43+08:00,3792014354,千年等黎非,394,哼哼,0.5262327818078083,9
255,2025-06-17 09:08:38+08:00,5509409247,小狗爱哈哈,393,提高警惕,0.6774921075767272,9
256,2025-06-17 09:08:27+08:00,7805797567,macrocosm_---_------_,392,厉害了,0.35964912280701733,9
257,2025-06-17 09:07:53+08:00,6160012952,1梦之久,391,多多保护好这样的杨教授,0.9827918880998232,9
258,2025-06-17 09:07:23+08:00,3718831473,Y餘拾壹,388,，,0.5262327818078083,9
259,2025-06-17 09:06:35+08:00,7755076771,烟雨任平生ee,386,提高警惕，维护国家安全，人人有责,0.7249436277753416,9
260,2025-06-17 09:06:25+08:00,5399864343,特朗pu太愿意撒谎了,385,这手段有些低级允悲，黑客入侵比这高级吧,0.8707265115644403,9
261,2025-06-17 09:05:33+08:00,6275659691,少玩手机多看会儿书,382,哈工大？,0.505746216935643,9
262,2025-06-17 09:04:42+08:00,6134330378,科技潮流站,380,抓到就枪毙,0.4461464103551609,9
263,2025-06-17 09:04:05+08:00,2892719151,苏杉悦泽,379,时时刻刻都要加强警惕,0.6990561925224035,9
264,2025-06-17 09:02:15+08:00,2723225155,尖尖角ABC,371,查查小米的粉丝群体吧受国外势力蛊惑太严重了,0.6245835055824821,9
265,2025-06-17 09:01:24+08:00,3978293172,郭-wei,370,防范间谍,0.8630530555797126,9
266,2025-06-17 09:00:56+08:00,5592158636,晨曦78688,369,给杨教授点赞赞赞,0.9998629435418106,9
267,2025-06-17 08:59:54+08:00,3864111451,二er了吧唧,367,杨教授这警惕性，太棒了太优秀了,0.9953709206276277,8
268,2025-06-17 08:59:25+08:00,7948152413,有什麼可豪橫的_重生版,362,感觉他们紧缺的是稀土提纯的技术工艺，还是要提防,0.20535061238149344,8
269,2025-06-17 08:58:06+08:00,1143507567,温凉玉021,355,提高保密意识,0.08920358046342036,8
270,2025-06-17 08:57:07+08:00,7672392327,一直努力着126,353,卧槽间谍用套取我国敏感数据,0.9837418924057864,8
271,2025-06-17 08:56:00+08:00,6553485088,玛珂啵萝蜜,351,提高警惕！,0.6774921075767272,8
272,2025-06-17 08:54:59+08:00,6439941481,毓衡K,349,这真是防不胜防,0.7499999999999999,8
273,2025-06-17 08:54:44+08:00,6091478644,小狮子198511,346,提高安全意识,0.39493583783453945,8
274,2025-06-17 08:51:04+08:00,7924835145,小菠超优秀,336,注意,0.5262327818078083,8
275,2025-06-17 08:50:17+08:00,1905527655,越越越魅郑,334,人人都应成为“杨教授”,0.9373891433211066,8
276,2025-06-17 08:50:08+08:00,7438114159,夏天有常安,333,警惕警惕,0.8305553368501174,8
277,2025-06-17 08:47:37+08:00,1688873247,百度电影票房吧党员,327,黑线,0.5,8
278,2025-06-17 08:47:32+08:00,1750551724,猴猴猴子小姐,326,查阅邮件的是另外一台电脑证明教授保密意识很强点赞,0.13638788959333614,8
279,2025-06-17 08:46:13+08:00,5214323896,天使的眼泪鄂,320,转发,0.5,8
280,2025-06-17 08:44:35+08:00,6520797546,香如故啊香如故,316,陈医生陈医生警惕,0.9586492445703113,8
281,2025-06-17 08:44:30+08:00,3930500095,刘柳流六溜留琉,315,这样用，我也觉得像诈骗,0.19999999999999996,8
282,2025-06-17 08:43:24+08:00,5936641595,2025一起发财,312,，不要点击来自陌生人邮件里的任何链接，也不要下载任何附件,0.014232864026654357,8
283,2025-06-17 08:42:23+08:00,6702755348,momo夏天版,308,都这么离谱了,0.4211210510595148,8
284,2025-06-17 08:42:23+08:00,5036100077,江户川卷福,307,涉密不上网，上网不涉密，还要确保不在互联网电脑上处理涉密文件,0.0459475990937408,8
285,2025-06-17 08:42:21+08:00,6570264882,年轻的战士1893,306,几千年的计谋韬略经验教训，认真起来其余的都是雕虫小技,0.9297688930564659,8
286,2025-06-17 08:41:58+08:00,2118612547,最热门小说排行榜,304,卧槽，间谍无孔不入，防不胜防啊,0.6864403227850107,8
287,2025-06-17 08:41:58+08:00,6520797546,香如故啊香如故,305,宝贝儿菁宝贝儿菁无孔不入，防不胜防！加强警惕！,0.9990897578150557,8
288,2025-06-17 08:41:35+08:00,5159799487,铃兰紫花,303,一定要严防间谍,0.4737672181921908,8
289,2025-06-17 08:41:10+08:00,3873346150,爱吃橙子z5,301,当间谍的是国人吗？,0.6429335818357289,8
290,2025-06-17 08:40:18+08:00,7170138007,樂_橙子,298,警惕,0.7000000000000001,8
291,2025-06-17 08:40:03+08:00,7708780659,不存在的阿阳,297,要禁用宏,0.37139403384287883,8
292,2025-06-17 08:37:47+08:00,6455466979,凉笙Liangsheng1,291,保守国家秘密，公民人人有责,0.9920920757248215,8
293,2025-06-17 08:37:11+08:00,5706802250,长安chris,290,杨教授好棒,0.9847795233536257,8
294,2025-06-17 08:35:59+08:00,7628702720,爆炒橘橙,289,有伊朗在前，我们的国安人员真的要更加辛苦了！国民也要更加警惕，阴谋黑暗就在身边！,0.9982045809969766,8
295,2025-06-17 08:35:34+08:00,1632989483,牵手009,288,防不胜防，必须为教授点赞,0.9810888281907002,8
296,2025-06-17 08:35:21+08:00,7384634282,yolanda_3x,286,抓住间谍处死,0.32373597246388686,8
297,2025-06-17 08:34:53+08:00,7165806422,Mrs_朱事顺利,283,严查！！！严惩！！,0.07773512390942339,8
298,2025-06-17 08:34:41+08:00,5692981139,莹莹你大胆的往前走,282,提高警惕！间谍可能就在我们身边！,0.8734631691265917,8
299,2025-06-17 08:33:11+08:00,2753713015,宇宙小小人,275,转发！警惕间谍冒充大学生窃密,0.9613155403268603,8
300,2025-06-17 08:32:48+08:00,6014526218,团子之爱,273,建议汉奸一律死刑，家人连坐！这样极大减少汉奸数量！,0.0004722961018670535,8
301,2025-06-17 18:38:00+08:00,8003346970,俏皮小金鱼是锦鲤_jojo,691,提高警惕,0.6774921075767272,18
302,2025-06-17 18:31:01+08:00,3193813300,五星聚,690,话筒话筒话筒,0.9983104778673734,18
304,2025-06-17 14:07:40+08:00,1863114434,建寧居士,679,狼子野心从来就没有断过，最好的办法就是让它们消失,0.25097760355153265,14
305,2025-06-17 14:03:53+08:00,7748410338,路口红绿灯左转右转左右转,677,？央视新闻还用人啊？,0.8935585836109513,14
306,2025-06-17 13:45:45+08:00,7917734497,菠萝菠萝咪咕,674,警惕,0.7000000000000001,13
307,2025-06-17 13:32:30+08:00,7892666213,傅诗淇的果果呀-17,671,提高警惕,0.6774921075767272,13
308,2025-06-17 12:40:12+08:00,3122710825,秋风健,666,必须始终保持警惕呀，特别是主管部门始终绷紧那根弦，防患于未然。,0.8022284518078968,12
309,2025-06-17 12:38:09+08:00,6399804600,Longlivemacsoap,665,微软中国微软中国出来挨打闭嘴,0.9796131807326943,12
310,2025-06-17 12:35:36+08:00,7900325238,草莓酱爆爆珠珠,664,警惕！,0.7000000000000001,12
311,2025-06-17 12:31:12+08:00,7893181564,讲江酱哇,662,维护国家安全，人人有责,0.5822155478017162,12
312,2025-06-17 12:24:52+08:00,7948740970,清风竹林深,660,提高警惕！！,0.45653299346146314,12
313,2025-06-17 12:10:27+08:00,7920686464,海阔飞越,655,间谍用套取我国敏感数据,0.9853390660632646,12
314,2025-06-17 12:07:46+08:00,1085583241,潮汕大菠萝鱼丸砂锅粥,654,允悲防不胜防啊！！！,0.9579331200822463,12
315,2025-06-17 11:50:22+08:00,7870676039,贝有芯,647,间谍冒充大学生窃密间谍用套取我国敏感数据间谍手法层出不穷，防不胜防可怜,0.9998967652902724,11
316,2025-06-17 11:37:41+08:00,7353355323,财到家喽,643,间谍用套取敏感数据，这操作挺“复古”，以为就是打打字，没想到还能当间谍工具，提醒大家电脑里的敏感文件可得加密，别随便外传，不然被人盯上了都不知道。间谍用套取我国敏感数据,0.9984355271829233,11
317,2025-06-17 11:35:58+08:00,8002728888,李记三鲜豆花,642,思考思考思考,0.9992236668569919,11
318,2025-06-17 11:31:50+08:00,8004379900,这个狼王有点甜,641,打打,0.7499999999999999,11
319,2025-06-17 11:15:49+08:00,6879093937,涩谷GAI,629,有啥机密,0.7499999999999999,11
320,2025-06-17 11:01:56+08:00,1408114867,高铁J,619,对于这样的案例，要多多宣讲,0.8378449578568582,11
